timestamp,primitive,target,status
2026-08-02 15:13:46,health_check.yml,all,ok
2026-08-02 15:14:36,health_check.yml,all,ok
2026-08-02 15:15:37,health_check.yml,all,ok
2026-08-02 15:16:39,health_check.yml,all,ok
2026-08-02 15:16:50,health_check.yml,all,ok
2026-08-02 15:16:50,health_check.yml,all,ok
2026-08-02 15:17:36,health_check.yml,all,ok
2026-08-02 15:18:37,health_check.yml,all,ok
2026-08-02 15:19:41,health_check.yml,all,ok
2026-08-02 15:20:36,health_check.yml,all,ok
2026-08-02 15:20:52,health_check.yml,all,ok
2026-08-02 15:20:52,health_check.yml,all,ok
2026-08-02 15:21:38,health_check.yml,all,ok
2026-08-02 15:22:36,health_check.yml,all,ok
2026-08-02 15:23:33,health_check.yml,all,ok
2026-08-02 15:24:34,health_check.yml,all,ok
2026-08-02 15:25:33,health_check.yml,all,ok
2026-08-02 15:26:35,health_check.yml,all,ok
2026-08-02 15:27:34,health_check.yml,all,ok
2026-08-02 15:28:35,health_check.yml,all,ok
2026-08-02 15:29:34,health_check.yml,all,ok
2026-08-02 15:30:34,health_check.yml,all,ok
2026-08-02 15:31:35,health_check.yml,all,ok
2026-08-02 15:32:36,health_check.yml,all,ok
2026-08-02 15:33:33,health_check.yml,all,ok
2026-08-02 15:34:36,health_check.yml,all,ok
2026-08-02 15:35:35,health_check.yml,all,ok
2026-08-02 15:36:33,health_check.yml,all,ok
2026-08-02 15:37:34,health_check.yml,all,ok
2026-08-02 15:38:39,health_check.yml,all,ok
2026-08-02 15:39:36,health_check.yml,all,ok
2026-08-02 15:40:34,health_check.yml,all,ok
2026-08-02 15:41:35,health_check.yml,all,ok
2026-08-02 15:42:34,health_check.yml,all,ok
2026-08-02 15:43:35,health_check.yml,all,ok
2026-08-02 15:44:33,health_check.yml,all,ok
2026-08-02 15:45:36,health_check.yml,all,ok
2026-08-02 15:46:36,health_check.yml,all,ok
2026-08-02 15:47:39,health_check.yml,all,ok
2026-08-02 15:48:36,health_check.yml,all,error
2026-08-02 15:48:36,health_check.yml,all,error
2026-08-02 15:48:46,health_check.yml,all,error
2026-08-02 15:48:48,health_check.yml,all,error
2026-08-02 15:48:52,health_check.yml,all,ok
2026-08-02 15:49:05,health_check.yml,all,ok
2026-08-02 15:49:20,health_check.yml,all,ok
2026-08-02 15:49:34,health_check.yml,all,ok
2026-08-02 15:49:38,health_check.yml,all,ok
2026-08-02 15:49:50,health_check.yml,all,ok
2026-08-02 15:50:35,health_check.yml,all,ok
2026-08-02 15:50:36,health_check.yml,all,ok
2026-08-02 15:51:37,health_check.yml,all,ok
2026-08-02 15:51:37,health_check.yml,all,ok
2026-08-02 15:52:20,health_check.yml,all,ok
2026-08-02 15:52:23,health_check.yml,all,ok
2026-08-02 15:52:44,health_check.yml,all,error
2026-08-02 15:52:48,health_check.yml,all,error
2026-08-02 15:52:52,health_check.yml,all,error
2026-08-02 15:52:52,health_check.yml,all,error
2026-08-02 15:52:58,health_check.yml,all,ok
2026-08-02 15:53:13,health_check.yml,all,ok
2026-08-02 15:53:39,health_check.yml,all,error
2026-08-02 15:53:44,health_check.yml,all,error
2026-08-02 15:53:54,health_check.yml,all,ok
2026-08-02 15:53:54,health_check.yml,all,ok
2026-08-02 15:54:38,health_check.yml,all,ok
2026-08-02 15:55:34,health_check.yml,all,ok
2026-08-02 15:56:39,health_check.yml,all,ok
2026-08-02 15:57:33,health_check.yml,all,ok
2026-08-02 15:58:37,health_check.yml,all,ok
2026-08-02 15:58:55,health_check.yml,all,ok
2026-08-02 15:58:55,health_check.yml,all,ok
2026-08-02 15:59:11,health_check.yml,all,ok
2026-08-02 15:59:23,health_check.yml,all,ok
2026-08-02 15:59:34,health_check.yml,all,ok
2026-08-02 15:59:41,health_check.yml,all,ok
2026-08-02 15:59:53,health_check.yml,all,ok
2026-08-02 16:00:09,health_check.yml,all,ok
2026-08-02 16:00:35,health_check.yml,all,ok
2026-08-02 16:00:35,health_check.yml,all,ok
2026-08-02 16:01:34,health_check.yml,all,ok
2026-08-02 16:01:34,health_check.yml,all,ok
2026-08-02 16:02:35,health_check.yml,all,ok
2026-08-02 16:02:35,health_check.yml,all,ok
2026-08-02 16:03:16,health_check.yml,all,error
2026-08-02 16:03:37,health_check.yml,all,ok
2026-08-02 16:04:27,health_check.yml,all,error
2026-08-02 16:04:27,health_check.yml,all,error
2026-08-02 16:04:35,health_check.yml,all,ok
2026-08-02 16:04:41,health_check.yml,all,error
2026-08-02 16:04:45,health_check.yml,all,ok
2026-08-02 16:05:10,health_check.yml,all,error
2026-08-02 16:05:13,health_check.yml,all,ok
2026-08-02 16:05:31,health_check.yml,all,ok
2026-08-02 16:05:35,health_check.yml,all,ok
2026-08-02 16:06:21,health_check.yml,all,error
2026-08-02 16:06:32,health_check.yml,all,ok
2026-08-02 16:06:32,health_check.yml,all,error
2026-08-02 16:06:34,health_check.yml,all,ok
2026-08-02 16:06:52,health_check.yml,all,ok
2026-08-02 16:07:00,health_check.yml,all,ok
2026-08-02 16:07:04,health_check.yml,all,ok
2026-08-02 16:07:08,health_check.yml,all,ok
2026-08-02 16:07:14,health_check.yml,all,ok
2026-08-02 16:07:19,health_check.yml,all,ok
2026-08-02 16:07:30,health_check.yml,all,ok
2026-08-02 16:07:44,health_check.yml,all,ok
2026-08-02 16:08:02,health_check.yml,all,ok
2026-08-02 16:08:14,health_check.yml,all,ok
2026-08-02 16:08:20,health_check.yml,all,ok
2026-08-02 16:08:32,health_check.yml,all,ok
2026-08-02 16:09:24,health_check.yml,all,ok
2026-08-02 16:09:34,health_check.yml,all,ok
2026-08-02 16:10:23,health_check.yml,all,ok
2026-08-02 16:10:33,health_check.yml,all,ok
2026-08-02 16:11:23,health_check.yml,all,ok
2026-08-02 16:11:32,health_check.yml,all,ok
2026-08-02 16:12:24,health_check.yml,all,ok
2026-08-02 16:12:33,health_check.yml,all,ok
2026-08-02 16:13:25,health_check.yml,all,ok
2026-08-02 16:13:31,health_check.yml,all,ok
2026-08-02 16:14:26,health_check.yml,all,ok
2026-08-02 16:14:32,health_check.yml,all,ok
2026-08-02 16:15:27,health_check.yml,all,ok
2026-08-02 16:15:32,health_check.yml,all,ok
2026-08-02 16:16:32,health_check.yml,all,ok
2026-08-02 16:16:36,health_check.yml,all,ok
2026-08-02 16:17:29,health_check.yml,all,ok
2026-08-02 16:17:32,health_check.yml,all,ok
2026-08-02 16:18:30,health_check.yml,all,ok
2026-08-02 16:18:32,health_check.yml,all,ok
2026-08-02 16:19:33,health_check.yml,all,ok
2026-08-02 16:19:33,health_check.yml,all,ok
2026-08-02 16:39:37,health_check.yml,all,ok
2026-08-02 16:39:38,health_check.yml,all,ok
2026-08-02 16:39:59,health_check.yml,all,ok
2026-08-02 16:40:02,health_check.yml,all,ok
2026-08-02 16:40:18,health_check.yml,all,ok
2026-08-02 16:40:25,health_check.yml,all,ok
2026-08-02 16:40:34,health_check.yml,all,ok
2026-08-02 16:40:34,health_check.yml,all,ok
2026-08-02 16:40:34,health_check.yml,all,ok
2026-08-02 16:40:42,health_check.yml,all,ok
2026-08-02 16:40:49,health_check.yml,all,ok
2026-08-02 16:40:56,health_check.yml,all,ok
2026-08-02 16:41:06,health_check.yml,all,ok
2026-08-02 16:41:16,health_check.yml,all,ok
2026-08-02 16:41:29,health_check.yml,all,ok
2026-08-02 16:41:32,health_check.yml,all,ok
2026-08-02 16:41:38,health_check.yml,all,ok
2026-08-02 16:41:44,health_check.yml,all,ok
2026-08-02 16:41:50,health_check.yml,all,ok
2026-08-02 16:42:41,health_check.yml,all,ok
2026-08-02 16:43:08,health_check.yml,all,ok
2026-08-02 16:43:08,health_check.yml,all,ok
2026-08-02 16:43:20,health_check.yml,all,ok
2026-08-02 16:43:33,health_check.yml,all,ok
2026-08-02 16:44:34,health_check.yml,all,ok
2026-08-02 16:45:32,health_check.yml,all,ok
2026-08-02 16:46:32,health_check.yml,all,ok
2026-08-02 16:47:33,health_check.yml,all,ok
2026-08-02 16:48:32,health_check.yml,all,ok
2026-08-02 16:49:33,health_check.yml,all,ok
2026-08-02 16:50:32,health_check.yml,all,ok
2026-08-02 16:51:38,health_check.yml,all,ok
2026-08-02 16:52:33,health_check.yml,all,ok
2026-08-02 16:53:38,health_check.yml,all,ok
2026-08-02 16:54:33,health_check.yml,all,ok
2026-08-02 16:55:32,health_check.yml,all,ok
2026-08-02 16:56:33,health_check.yml,all,ok
2026-08-02 16:57:33,health_check.yml,all,ok
2026-08-02 16:58:33,health_check.yml,all,ok
2026-08-02 16:59:33,health_check.yml,all,ok
2026-08-02 17:00:34,health_check.yml,all,ok
2026-08-02 17:01:39,health_check.yml,all,ok
2026-08-02 17:02:33,health_check.yml,all,ok
2026-08-02 17:03:33,health_check.yml,all,ok
2026-08-02 17:04:33,health_check.yml,all,ok
2026-08-02 17:05:32,health_check.yml,all,ok
2026-08-02 17:06:33,health_check.yml,all,ok
2026-08-02 17:07:34,health_check.yml,all,ok
2026-08-02 17:08:34,health_check.yml,all,ok
2026-08-02 17:09:33,health_check.yml,all,ok
2026-08-02 17:10:34,health_check.yml,all,ok
2026-08-02 17:11:34,health_check.yml,all,ok
2026-08-02 17:12:33,health_check.yml,all,ok
2026-08-02 17:13:34,health_check.yml,all,ok
2026-08-02 17:14:33,health_check.yml,all,ok
2026-08-02 17:15:33,health_check.yml,all,ok
2026-08-02 17:16:32,health_check.yml,all,ok
2026-08-02 17:17:33,health_check.yml,all,ok
2026-08-02 17:18:33,health_check.yml,all,ok
2026-08-02 17:19:32,health_check.yml,all,ok
2026-08-02 17:20:32,health_check.yml,all,ok
2026-08-02 17:21:32,health_check.yml,all,ok
2026-08-02 17:22:32,health_check.yml,all,ok
2026-08-02 17:23:32,health_check.yml,all,ok
2026-08-02 17:24:33,health_check.yml,all,ok
2026-08-02 17:25:32,health_check.yml,all,ok
2026-08-02 17:26:32,health_check.yml,all,ok
2026-08-02 17:27:32,health_check.yml,all,ok
2026-08-02 17:28:34,health_check.yml,all,ok
2026-08-02 17:29:32,health_check.yml,all,ok
2026-08-02 17:30:32,health_check.yml,all,ok
2026-08-02 17:31:33,health_check.yml,all,ok
2026-08-02 17:32:32,health_check.yml,all,ok
2026-08-02 17:33:32,health_check.yml,all,ok
2026-08-02 17:34:32,health_check.yml,all,ok
2026-08-02 17:35:32,health_check.yml,all,ok
2026-08-02 17:36:33,health_check.yml,all,ok
2026-08-02 17:37:32,health_check.yml,all,ok
2026-08-02 17:38:33,health_check.yml,all,ok
2026-08-02 17:39:33,health_check.yml,all,ok
2026-08-02 17:40:32,health_check.yml,all,ok
2026-08-02 17:41:32,health_check.yml,all,ok
2026-08-02 17:42:33,health_check.yml,all,ok
2026-08-02 17:43:33,health_check.yml,all,ok
2026-08-02 17:44:04,health_check.yml,all,ok
2026-08-02 17:44:05,health_check.yml,all,ok
2026-08-02 17:44:33,health_check.yml,all,ok
2026-08-02 17:45:36,health_check.yml,all,ok
2026-08-02 17:46:40,health_check.yml,all,ok
2026-08-02 17:47:34,health_check.yml,all,ok
2026-08-02 17:48:50,health_check.yml,all,ok
2026-08-02 17:49:42,health_check.yml,all,ok
2026-08-02 17:50:35,health_check.yml,all,ok
2026-08-02 17:51:35,health_check.yml,all,ok
2026-08-02 17:52:36,health_check.yml,all,ok
2026-08-02 17:53:35,health_check.yml,all,ok
2026-08-02 17:54:41,health_check.yml,all,ok
2026-08-02 17:55:34,health_check.yml,all,ok
2026-08-02 17:56:37,health_check.yml,all,ok
2026-08-02 17:59:44,health_check.yml,all,ok
2026-08-02 18:01:52,health_check.yml,all,ok
2026-08-02 18:22:41,health_check.yml,all,ok
2026-08-02 18:23:37,health_check.yml,all,ok
2026-08-02 18:24:39,health_check.yml,all,ok
2026-08-02 18:25:41,health_check.yml,all,ok
2026-08-02 18:26:39,health_check.yml,all,ok
2026-08-02 18:27:41,health_check.yml,all,ok
2026-08-02 18:28:42,health_check.yml,all,ok
2026-08-02 18:29:43,health_check.yml,all,ok
2026-08-02 18:30:44,health_check.yml,all,ok
2026-08-02 18:31:43,health_check.yml,all,ok
2026-08-02 18:32:44,health_check.yml,all,ok
2026-08-02 18:33:44,health_check.yml,all,ok
2026-08-02 18:34:45,health_check.yml,all,ok
2026-08-02 18:35:44,health_check.yml,all,ok
2026-08-02 18:36:44,health_check.yml,all,ok
2026-08-02 18:37:45,health_check.yml,all,ok
2026-08-02 18:38:44,health_check.yml,all,ok
2026-08-02 18:39:44,health_check.yml,all,ok
2026-08-02 18:40:44,health_check.yml,all,ok
2026-08-02 18:41:47,health_check.yml,all,ok
2026-08-02 18:42:43,health_check.yml,all,ok
2026-08-02 18:43:44,health_check.yml,all,ok
2026-08-02 18:44:43,health_check.yml,all,ok
2026-08-02 18:45:46,health_check.yml,all,ok
2026-08-02 18:46:39,health_check.yml,all,ok
2026-08-02 18:47:39,health_check.yml,all,ok
2026-08-02 18:48:40,health_check.yml,all,ok
2026-08-02 18:49:45,health_check.yml,all,ok
2026-08-02 18:50:44,health_check.yml,all,ok
2026-08-02 18:51:45,health_check.yml,all,ok
2026-08-02 18:52:44,health_check.yml,all,ok
2026-08-02 18:53:43,health_check.yml,all,ok
2026-08-02 18:54:46,health_check.yml,all,ok
2026-08-02 18:55:51,health_check.yml,all,ok
2026-08-02 18:56:43,health_check.yml,all,ok
2026-08-02 18:57:46,health_check.yml,all,ok
2026-08-02 18:58:45,health_check.yml,all,ok
2026-08-02 18:59:46,health_check.yml,all,ok
2026-08-02 19:00:45,health_check.yml,all,ok
2026-08-02 19:01:43,health_check.yml,all,ok
2026-08-02 19:02:46,health_check.yml,all,ok
2026-08-02 19:03:45,health_check.yml,all,ok
2026-08-02 19:04:45,health_check.yml,all,ok
2026-08-02 19:05:48,health_check.yml,all,ok
2026-08-02 19:06:44,health_check.yml,all,ok
2026-08-02 19:07:52,health_check.yml,all,ok
2026-08-02 19:08:46,health_check.yml,all,ok
2026-08-02 19:09:45,health_check.yml,all,ok
2026-08-02 19:10:47,health_check.yml,all,ok
2026-08-02 19:11:49,health_check.yml,all,ok
2026-08-02 19:12:45,health_check.yml,all,ok
2026-08-02 19:13:45,health_check.yml,all,ok
2026-08-02 19:14:45,health_check.yml,all,ok
2026-08-02 19:15:46,health_check.yml,all,ok
2026-08-02 19:16:43,health_check.yml,all,ok
2026-08-02 19:17:46,health_check.yml,all,ok
2026-08-02 19:18:47,health_check.yml,all,ok
2026-08-02 19:19:42,health_check.yml,all,ok
2026-08-02 19:20:39,health_check.yml,all,ok
2026-08-02 19:21:41,health_check.yml,all,ok
2026-08-02 19:22:39,health_check.yml,all,ok
2026-08-02 19:23:46,health_check.yml,all,ok
2026-08-02 19:24:48,health_check.yml,all,ok
2026-08-02 19:25:47,health_check.yml,all,ok
2026-08-02 19:26:47,health_check.yml,all,ok
2026-08-02 19:27:46,health_check.yml,all,ok
2026-08-02 19:28:51,health_check.yml,all,ok
2026-08-02 19:29:46,health_check.yml,all,ok
2026-08-02 19:30:50,health_check.yml,all,ok
2026-08-02 19:31:47,health_check.yml,all,ok
2026-08-02 19:32:47,health_check.yml,all,ok
2026-08-02 19:33:48,health_check.yml,all,ok
2026-08-02 19:34:47,health_check.yml,all,ok
2026-08-02 19:35:46,health_check.yml,all,ok
2026-08-02 19:36:47,health_check.yml,all,ok
2026-08-02 19:37:50,health_check.yml,all,ok
2026-08-02 19:38:48,health_check.yml,all,ok
2026-08-02 19:39:49,health_check.yml,all,ok
2026-08-02 19:40:48,health_check.yml,all,ok
2026-08-02 19:41:45,health_check.yml,all,ok
2026-08-02 19:42:49,health_check.yml,all,ok
2026-08-02 19:43:48,health_check.yml,all,ok
2026-08-02 19:44:47,health_check.yml,all,ok
2026-08-02 19:45:49,health_check.yml,all,ok
2026-08-02 19:46:53,health_check.yml,all,ok
2026-08-02 19:47:46,health_check.yml,all,ok
2026-08-02 19:48:50,health_check.yml,all,ok
2026-08-02 19:49:46,health_check.yml,all,ok
2026-08-02 19:50:55,health_check.yml,all,ok
2026-08-02 19:51:45,health_check.yml,all,ok
2026-08-02 19:52:51,health_check.yml,all,ok
2026-08-02 19:53:46,health_check.yml,all,ok
2026-08-02 19:54:49,health_check.yml,all,ok
2026-08-02 19:55:44,health_check.yml,all,ok
2026-08-02 19:56:46,health_check.yml,all,ok
2026-08-02 19:57:47,health_check.yml,all,ok
2026-08-02 19:58:45,health_check.yml,all,ok
2026-08-02 19:59:44,health_check.yml,all,ok
2026-08-02 20:00:45,health_check.yml,all,ok
2026-08-02 20:01:44,health_check.yml,all,ok
2026-08-02 20:02:44,health_check.yml,all,ok
2026-08-02 20:03:45,health_check.yml,all,ok
2026-08-02 20:04:45,health_check.yml,all,ok
2026-08-02 20:05:41,health_check.yml,all,ok
2026-08-02 20:06:35,health_check.yml,all,ok
2026-08-02 20:07:36,health_check.yml,all,ok
2026-08-03 05:31:22,health_check.yml,all,error
2026-08-03 05:31:22,health_check.yml,all,error
2026-08-03 05:31:22,health_check.yml,all,error
2026-08-03 05:31:25,health_check.yml,all,error
2026-08-03 05:31:29,health_check.yml,all,error
2026-08-03 05:31:33,health_check.yml,all,error
2026-08-03 05:31:36,health_check.yml,all,ok
2026-08-03 05:31:37,health_check.yml,all,ok
2026-08-03 05:31:47,health_check.yml,all,ok
2026-08-03 05:31:47,health_check.yml,all,ok
2026-08-03 05:31:53,health_check.yml,all,ok
2026-08-03 05:32:05,health_check.yml,all,ok
2026-08-03 05:45:33,health_check.yml,all,error
2026-08-03 05:45:33,health_check.yml,all,error
2026-08-03 05:45:39,health_check.yml,all,ok
2026-08-03 05:45:47,health_check.yml,all,error
2026-08-03 05:45:47,health_check.yml,all,error
2026-08-03 05:45:52,health_check.yml,all,ok
2026-08-03 05:46:06,health_check.yml,all,error
2026-08-03 05:46:19,health_check.yml,all,error
2026-08-03 05:46:20,health_check.yml,all,error
2026-08-03 05:46:20,health_check.yml,all,error
2026-08-03 05:46:35,health_check.yml,all,error
2026-08-03 05:46:36,health_check.yml,all,error
2026-08-03 05:46:42,health_check.yml,all,ok
2026-08-03 05:46:50,health_check.yml,all,error
2026-08-03 05:46:55,health_check.yml,all,ok
2026-08-03 05:47:05,health_check.yml,all,ok
2026-08-03 05:47:22,health_check.yml,all,error
2026-08-03 05:47:36,health_check.yml,all,error
2026-08-03 05:47:52,health_check.yml,all,error
2026-08-03 05:48:05,health_check.yml,all,ok
2026-08-03 05:48:06,health_check.yml,all,error
2026-08-03 05:48:23,health_check.yml,all,error
2026-08-03 05:48:38,health_check.yml,all,error
2026-08-03 05:48:53,health_check.yml,all,error
2026-08-03 05:49:04,health_check.yml,all,ok
2026-08-03 05:49:07,health_check.yml,all,error
2026-08-03 05:50:06,health_check.yml,all,ok
2026-08-03 05:50:06,health_check.yml,all,ok
2026-08-03 05:50:08,health_check.yml,all,ok
2026-08-03 05:50:08,health_check.yml,all,ok
2026-08-03 05:50:23,health_check.yml,all,ok
2026-08-03 05:50:27,health_check.yml,all,ok
2026-08-03 05:50:27,health_check.yml,all,ok
2026-08-03 05:50:37,health_check.yml,all,ok
2026-08-03 05:50:42,health_check.yml,all,ok
2026-08-03 05:50:52,health_check.yml,all,ok
2026-08-03 05:50:57,health_check.yml,all,ok
2026-08-03 05:51:06,health_check.yml,all,ok
2026-08-03 05:51:21,health_check.yml,all,ok
2026-08-03 05:52:02,health_check.yml,all,ok
2026-08-03 05:53:03,health_check.yml,all,ok
2026-08-03 05:53:10,list_users.yml,all,ok
2026-08-03 05:53:40,list_users.yml,windows_hosts,error
2026-08-03 05:54:01,health_check.yml,all,ok
2026-08-03 05:55:00,health_check.yml,all,ok
2026-08-03 05:56:00,health_check.yml,all,ok
2026-08-03 05:57:00,health_check.yml,all,ok
2026-08-03 05:58:00,health_check.yml,all,ok
2026-08-03 05:59:00,health_check.yml,all,ok
2026-08-03 05:59:03,list_users.yml,windows_hosts,error
2026-08-03 06:00:00,health_check.yml,all,ok
2026-08-03 06:01:07,list_users.yml,windows_hosts,ok
2026-08-03 06:02:23,health_check.yml,all,ok
2026-08-03 06:02:23,health_check.yml,all,ok
2026-08-03 06:02:26,health_check.yml,all,ok
2026-08-03 06:02:26,health_check.yml,all,ok
2026-08-03 06:02:41,health_check.yml,all,ok
2026-08-03 06:02:47,health_check.yml,all,ok
2026-08-03 06:02:50,health_check.yml,all,ok
2026-08-03 06:03:00,health_check.yml,all,ok
2026-08-03 06:03:05,health_check.yml,all,ok
2026-08-03 06:03:17,health_check.yml,all,ok
2026-08-03 06:03:19,health_check.yml,all,ok
2026-08-03 06:03:22,list_users.yml,all,ok
2026-08-03 06:03:31,health_check.yml,all,ok
2026-08-03 06:04:01,health_check.yml,all,ok
2026-08-03 06:05:01,health_check.yml,all,ok
2026-08-03 06:06:01,health_check.yml,all,ok
2026-08-03 06:07:01,health_check.yml,all,ok
2026-08-03 06:08:01,health_check.yml,all,ok
2026-08-03 06:09:01,health_check.yml,all,ok
2026-08-03 06:10:00,health_check.yml,all,ok
2026-08-03 06:11:00,health_check.yml,all,ok
2026-08-03 06:12:01,health_check.yml,all,ok
2026-08-03 06:13:00,health_check.yml,all,ok
2026-08-03 06:14:00,health_check.yml,all,ok
2026-08-03 06:15:00,health_check.yml,all,ok
2026-08-03 06:16:02,health_check.yml,all,ok
2026-08-03 06:17:01,health_check.yml,all,ok
2026-08-03 06:18:01,health_check.yml,all,ok
2026-08-03 06:19:05,health_check.yml,all,ok
2026-08-03 06:20:14,health_check.yml,all,ok
2026-08-03 06:22:23,health_check.yml,all,ok
2026-08-03 06:23:12,health_check.yml,all,ok
2026-08-03 06:24:18,health_check.yml,all,ok
2026-08-03 06:25:22,health_check.yml,all,ok
2026-08-03 06:25:26,health_check.yml,all,ok
2026-08-03 06:25:26,health_check.yml,all,ok
2026-08-03 06:25:41,health_check.yml,all,ok
2026-08-03 06:25:54,health_check.yml,all,ok
2026-08-03 06:26:07,health_check.yml,all,ok
2026-08-03 06:26:19,health_check.yml,all,ok
2026-08-03 06:26:24,health_check.yml,all,ok
2026-08-03 06:26:39,list_users.yml,all,ok
2026-08-03 06:27:13,health_check.yml,all,ok
2026-08-03 06:28:20,health_check.yml,all,ok
2026-08-03 06:29:18,health_check.yml,all,ok
2026-08-03 06:30:16,health_check.yml,all,ok
2026-08-03 06:31:18,health_check.yml,all,ok
2026-08-03 06:32:21,health_check.yml,all,ok
2026-08-03 06:33:12,health_check.yml,all,ok
2026-08-03 06:34:15,health_check.yml,all,ok
2026-08-03 06:35:15,health_check.yml,all,ok
2026-08-03 06:36:14,health_check.yml,all,ok
2026-08-03 06:37:17,health_check.yml,all,ok
2026-08-03 06:38:15,health_check.yml,all,ok
2026-08-03 06:39:17,health_check.yml,all,ok
2026-08-03 06:40:07,health_check.yml,all,ok
2026-08-03 07:55:22,health_check.yml,all,ok
2026-08-03 07:55:22,health_check.yml,all,ok
2026-08-03 07:55:29,health_check.yml,all,ok
2026-08-03 07:55:51,health_check.yml,all,error
2026-08-03 07:55:58,health_check.yml,all,ok
2026-08-03 07:55:58,health_check.yml,all,ok
2026-08-03 07:56:07,health_check.yml,all,error
2026-08-03 07:56:09,health_check.yml,all,ok
2026-08-03 07:56:14,health_check.yml,all,ok
2026-08-03 07:56:25,health_check.yml,all,ok
2026-08-03 07:56:28,health_check.yml,all,ok
2026-08-03 07:56:38,health_check.yml,all,ok
2026-08-03 07:56:43,health_check.yml,all,ok
2026-08-03 07:57:07,health_check.yml,all,error
2026-08-03 07:57:12,health_check.yml,all,error
2026-08-03 07:57:12,health_check.yml,all,ok
2026-08-03 07:57:16,health_check.yml,all,ok
2026-08-03 07:58:08,health_check.yml,all,ok
2026-08-03 07:59:21,health_check.yml,all,ok
2026-08-03 07:59:21,health_check.yml,all,ok
2026-08-03 07:59:35,health_check.yml,all,ok
2026-08-03 07:59:52,health_check.yml,all,ok
2026-08-03 08:00:05,health_check.yml,all,ok
2026-08-03 08:00:20,health_check.yml,all,ok
2026-08-03 08:00:34,health_check.yml,all,ok
2026-08-03 08:01:05,health_check.yml,all,error
2026-08-03 08:01:19,health_check.yml,all,error
2026-08-03 08:04:06,health_check.yml,all,error
2026-08-03 08:04:06,health_check.yml,all,error
2026-08-03 08:04:21,health_check.yml,all,error
2026-08-03 08:04:21,health_check.yml,all,ok
2026-08-03 08:04:51,health_check.yml,all,error
2026-08-03 08:05:06,health_check.yml,all,error
2026-08-03 08:05:07,health_check.yml,all,ok
2026-08-03 08:05:22,health_check.yml,all,ok
2026-08-03 08:05:37,health_check.yml,all,ok
2026-08-03 08:05:56,health_check.yml,all,ok
2026-08-03 08:06:08,health_check.yml,all,ok
2026-08-03 08:07:08,health_check.yml,all,ok
2026-08-03 08:08:07,health_check.yml,all,ok
2026-08-03 08:08:47,health_check.yml,all,ok
2026-08-03 08:08:52,health_check.yml,all,ok
2026-08-03 08:09:07,health_check.yml,all,ok
2026-08-03 08:09:23,health_check.yml,all,ok
2026-08-03 08:09:35,health_check.yml,all,ok
2026-08-03 08:09:50,health_check.yml,all,ok
2026-08-03 08:10:06,health_check.yml,all,ok
2026-08-03 08:10:21,health_check.yml,all,ok
2026-08-03 08:10:34,health_check.yml,all,ok
2026-08-03 08:11:15,health_check.yml,all,ok
2026-08-03 08:12:14,health_check.yml,all,ok
2026-08-03 08:13:13,health_check.yml,all,ok
2026-08-03 08:14:07,health_check.yml,all,ok
2026-08-03 08:14:21,health_check.yml,all,ok
2026-08-03 08:14:36,health_check.yml,all,ok
2026-08-03 08:14:51,health_check.yml,all,ok
2026-08-03 08:15:06,health_check.yml,all,ok
2026-08-03 08:16:06,health_check.yml,all,ok
2026-08-03 08:16:06,health_check.yml,all,ok
2026-08-03 08:16:19,health_check.yml,all,ok
2026-08-03 08:16:35,health_check.yml,all,ok
2026-08-03 08:19:50,health_check.yml,all,ok
2026-08-03 08:19:51,health_check.yml,all,ok
2026-08-03 08:20:05,health_check.yml,all,ok
2026-08-03 08:20:18,health_check.yml,all,ok
2026-08-03 08:20:33,health_check.yml,all,ok
2026-08-03 08:20:49,health_check.yml,all,ok
2026-08-03 08:21:04,health_check.yml,all,ok
2026-08-03 08:21:19,health_check.yml,all,ok
2026-08-03 08:21:45,health_check.yml,all,ok
2026-08-03 08:22:30,health_check.yml,all,ok
2026-08-03 08:22:30,health_check.yml,all,ok
2026-08-03 08:28:11,health_check.yml,all,ok
2026-08-03 08:28:12,health_check.yml,all,ok
2026-08-03 08:28:13,health_check.yml,all,ok
2026-08-03 08:28:13,health_check.yml,all,ok
2026-08-03 08:28:29,health_check.yml,all,ok
2026-08-03 08:28:30,health_check.yml,all,ok
2026-08-03 08:28:53,health_check.yml,all,ok
2026-08-03 08:28:53,health_check.yml,all,ok
2026-08-03 08:29:05,health_check.yml,all,ok
2026-08-03 08:29:21,health_check.yml,all,ok
2026-08-03 08:29:35,health_check.yml,all,ok
2026-08-03 08:29:51,health_check.yml,all,ok
2026-08-03 08:30:06,health_check.yml,all,ok
2026-08-03 08:37:04,health_check.yml,all,ok
2026-08-03 08:37:04,health_check.yml,all,ok
2026-08-03 08:37:14,health_check.yml,all,ok
2026-08-03 08:37:28,health_check.yml,all,ok
2026-08-03 08:40:03,list_users.yml,all,ok
2026-08-03 08:43:13,health_check.yml,all,ok
2026-08-03 08:43:13,health_check.yml,all,ok
2026-08-03 08:47:29,health_check.yml,all,ok
2026-08-03 08:47:29,health_check.yml,all,ok
2026-08-03 08:51:51,health_check.yml,all,ok
2026-08-03 08:51:51,health_check.yml,all,ok
2026-08-03 08:54:03,list_users.yml,all,ok
2026-08-06 12:55:14,health_check.yml,all,ok
2026-08-06 12:55:14,health_check.yml,all,ok
2026-08-06 12:55:27,health_check.yml,all,ok
2026-08-06 12:55:38,health_check.yml,all,ok
2026-08-06 12:55:39,health_check.yml,all,ok
2026-08-06 12:55:58,health_check.yml,all,ok
2026-08-06 12:57:20,health_check.yml,all,ok
2026-08-06 12:57:36,health_check.yml,all,ok
2026-08-06 12:58:18,health_check.yml,all,ok
2026-08-06 12:59:08,health_check.yml,all,ok
2026-08-06 13:00:13,health_check.yml,all,ok
2026-08-06 13:01:09,health_check.yml,all,ok
2026-08-06 13:02:12,health_check.yml,all,ok
2026-08-06 13:03:15,health_check.yml,all,ok
2026-08-06 13:05:13,health_check.yml,all,ok
2026-08-06 13:06:08,health_check.yml,all,ok
